,filename,actual,pred
0,000000005315\000000005315_20190511032457_2.jpg,0,10
1,000000005315\000000005315_20190511032457_3.jpg,0,0
2,000000005315\000000005315_20190511032457_4.jpg,0,0
3,000000005315\000000005315_20190511032458_5.jpg,0,10
4,000000005315\000000005315_20190511032458_6.jpg,0,10
5,000000005315\000000005315_20190511032458_7.jpg,0,9
6,000000005315\000000005315_20190511032458_8.jpg,0,10
7,000000005315\000000005315_20190511032459_9.jpg,0,9
8,000000005315\000000005315_20190511042553_2.jpg,0,0
9,000000005315\000000005315_20190511042554_3.jpg,0,0
10,000000005315\000000005315_20190511042554_4.jpg,0,9
11,000000005315\000000005315_20190511042554_5.jpg,0,9
12,000000005315\000000005315_20190511042554_6.jpg,0,9
13,000000005315\000000005315_20190511042555_7.jpg,0,9
14,000000005315\000000005315_20190511042555_8.jpg,0,9
15,000000005315\000000005315_20190511042555_9.jpg,0,9
16,000000005315\000000005315_20190512020139_2.jpg,0,0
17,000000005315\000000005315_20190512020140_3.jpg,0,0
18,000000005315\000000005315_20190512020140_4.jpg,0,0
19,000000005315\000000005315_20190512020140_5.jpg,0,0
20,000000005315\000000005315_20190512020140_6.jpg,0,0
21,000000005315\000000005315_20190512020141_7.jpg,0,10
22,000000005315\000000005315_20190512020141_8.jpg,0,2
23,000000005315\000000005315_20190512020141_9.jpg,0,2
24,000000005315\000000005315_20190512054557_2.jpg,0,0
25,000000005315\000000005315_20190512054557_3.jpg,0,0
26,000000005315\000000005315_20190512054557_4.jpg,0,0
27,000000005315\000000005315_20190512054557_5.jpg,0,0
28,000000005315\000000005315_20190512054557_6.jpg,0,0
29,000000005315\000000005315_20190512054558_10.jpg,0,2
30,000000005315\000000005315_20190512054558_7.jpg,0,0
31,000000005315\000000005315_20190512054558_8.jpg,0,2
32,000000005315\000000005315_20190512054558_9.jpg,0,2
33,000000005315\000000005315_20190512115441_1.jpg,0,0
34,000000005315\000000005315_20190512115442_2.jpg,0,0
35,000000005315\000000005315_20190512115442_3.jpg,0,0
36,00001134012\00001134012_20190511012506_1.jpg,1,2
37,00001134012\00001134012_20190511012507_2.jpg,1,2
38,00001134012\00001134012_20190511012507_3.jpg,1,1
39,00001134012\00001134012_20190511012507_4.jpg,1,1
40,00001134012\00001134012_20190511012507_5.jpg,1,2
41,00001134012\00001134012_20190511012508_6.jpg,1,2
42,00001134012\00001134012_20190511012508_7.jpg,1,2
43,00001134012\00001134012_20190511012508_8.jpg,1,2
44,00001134012\00001134012_20190511012508_9.jpg,1,2
45,00001134012\00001134012_20190511012509_10.jpg,1,1
46,00001134012\00001134012_20190511020902_1.jpg,1,1
47,00001134012\00001134012_20190511020902_2.jpg,1,1
48,00001134012\00001134012_20190511020902_3.jpg,1,1
49,00001134012\00001134012_20190511020902_4.jpg,1,1
50,00001134012\00001134012_20190511020902_5.jpg,1,1
51,00001134012\00001134012_20190511020903_6.jpg,1,6
52,00001134012\00001134012_20190511020903_7.jpg,1,1
53,00001134012\00001134012_20190511020903_8.jpg,1,1
54,00001134012\00001134012_20190511020903_9.jpg,1,2
55,00001134012\00001134012_20190511020904_10.jpg,1,1
56,00001134012\00001134012_20190511024057_1.jpg,1,2
57,00001134012\00001134012_20190511024057_2.jpg,1,2
58,00001134012\00001134012_20190511024057_3.jpg,1,1
59,00001134012\00001134012_20190511024057_4.jpg,1,2
60,00001134012\00001134012_20190511024058_5.jpg,1,2
61,00001134012\00001134012_20190511024058_6.jpg,1,2
62,00001134012\00001134012_20190511024058_7.jpg,1,2
63,00001134012\00001134012_20190511024058_8.jpg,1,2
64,00001134012\00001134012_20190511024058_9.jpg,1,1
65,00001134012\00001134012_20190511024059_10.jpg,1,1
66,00001134012\00001134012_20190512124252_1.jpg,1,2
67,00001134012\00001134012_20190512124253_2.jpg,1,1
68,00001134012\00001134012_20190512124253_3.jpg,1,1
69,00001134012\00001134012_20190512124253_4.jpg,1,1
70,00001134012\00001134012_20190512124253_5.jpg,1,1
71,00001134012\00001134012_20190512124253_6.jpg,1,1
72,00001134012\00001134012_20190512124254_10.jpg,1,2
73,00001134012\00001134012_20190512124254_7.jpg,1,2
74,00001134012\00001134012_20190512124254_8.jpg,1,2
75,00001134012\00001134012_20190512124254_9.jpg,1,1
76,00001134012\00001134012_20190513073201_1.jpg,1,2
77,00001134012\00001134012_20190513073202_2.jpg,1,2
78,00001134012\00001134012_20190513073202_3.jpg,1,2
79,00001134012\00001134012_20190513073202_4.jpg,1,1
80,00001134012\00001134012_20190513073202_5.jpg,1,1
81,00001134012\00001134012_20190513073203_10.jpg,1,2
82,00001134012\00001134012_20190513073203_6.jpg,1,2
83,00001134012\00001134012_20190513073203_7.jpg,1,2
84,00001134012\00001134012_20190513073203_8.jpg,1,2
85,00001134012\00001134012_20190513073203_9.jpg,1,2
86,00001134012\00001134012_20190513093837_1.jpg,1,10
87,00001134012\00001134012_20190513093837_2.jpg,1,10
88,00001134012\00001134012_20190513093838_3.jpg,1,6
89,00001134012\00001134012_20190513093838_4.jpg,1,10
90,00001134012\00001134012_20190513093838_5.jpg,1,10
91,00001134012\00001134012_20190513093838_6.jpg,1,10
92,00001134012\00001134012_20190513093839_10.jpg,1,2
93,00001134012\00001134012_20190513093839_7.jpg,1,10
94,00001134012\00001134012_20190513093839_8.jpg,1,10
95,00001134012\00001134012_20190513093839_9.jpg,1,5
96,00001134012\00001134012_20190513093955_1.jpg,1,1
97,00001134012\00001134012_20190513093955_2.jpg,1,1
98,00001134012\00001134012_20190513093956_3.jpg,1,10
99,00001134012\00001134012_20190513093956_4.jpg,1,1
100,00001134012\00001134012_20190513093956_5.jpg,1,1
101,00001134012\00001134012_20190513093956_6.jpg,1,1
102,00001134012\00001134012_20190513093957_10.jpg,1,2
103,00001134012\00001134012_20190513093957_7.jpg,1,1
104,00001134012\00001134012_20190513093957_8.jpg,1,2
105,00001134012\00001134012_20190513093957_9.jpg,1,2
106,00001134012\00001134012_20190513095204_1.jpg,1,2
107,00001134012\00001134012_20190513095204_2.jpg,1,2
108,00001134012\00001134012_20190513095204_3.jpg,1,2
109,00001134012\00001134012_20190513095205_4.jpg,1,1
110,00001134012\00001134012_20190513095205_5.jpg,1,1
111,00001134012\00001134012_20190513095205_6.jpg,1,1
112,00001134012\00001134012_20190513095205_7.jpg,1,1
113,00001134012\00001134012_20190513095205_8.jpg,1,2
114,00001134012\00001134012_20190513095206_10.jpg,1,2
115,00001134012\00001134012_20190513095206_9.jpg,1,2
116,00001134012\00001134012_20190513100536_1.jpg,1,2
117,00001134012\00001134012_20190513100536_2.jpg,1,2
118,00001134012\00001134012_20190513100537_3.jpg,1,2
119,00001136125\00001136125_20190511011957_1.jpg,2,2
120,00001136125\00001136125_20190511011957_2.jpg,2,2
121,00001136125\00001136125_20190511011957_3.jpg,2,2
122,00001136125\00001136125_20190511011957_4.jpg,2,2
123,00001136125\00001136125_20190511011957_5.jpg,2,2
124,00001136125\00001136125_20190511011958_6.jpg,2,2
125,00001136125\00001136125_20190511011958_7.jpg,2,2
126,00001136125\00001136125_20190511011958_8.jpg,2,2
127,00001136125\00001136125_20190511011958_9.jpg,2,2
128,00001136125\00001136125_20190511011959_10.jpg,2,2
129,00001136125\00001136125_20190511015628_1.jpg,2,2
130,00001136125\00001136125_20190511015628_2.jpg,2,1
131,00001136125\00001136125_20190511015628_3.jpg,2,1
132,00001136125\00001136125_20190511015629_4.jpg,2,1
133,00001136125\00001136125_20190511015629_5.jpg,2,4
134,00001136125\00001136125_20190511015629_6.jpg,2,4
135,00001136125\00001136125_20190511015629_7.jpg,2,4
136,00001136125\00001136125_20190511015630_10.jpg,2,4
137,00001136125\00001136125_20190511015630_8.jpg,2,10
138,00001136125\00001136125_20190511015630_9.jpg,2,10
139,00001136125\00001136125_20190511030535_1.jpg,2,2
140,00001136125\00001136125_20190511030535_2.jpg,2,2
141,00001136125\00001136125_20190511030536_3.jpg,2,2
142,00001136125\00001136125_20190511030536_4.jpg,2,2
143,00001136125\00001136125_20190511030536_5.jpg,2,2
144,00001136125\00001136125_20190511030536_6.jpg,2,2
145,00001136125\00001136125_20190511030537_10.jpg,2,2
146,00001136125\00001136125_20190511030537_7.jpg,2,2
147,00001136125\00001136125_20190511030537_8.jpg,2,2
148,00001136125\00001136125_20190511030537_9.jpg,2,2
149,00001136125\00001136125_20190511030808_1.jpg,2,2
150,00001136125\00001136125_20190511030809_2.jpg,2,2
151,00001136125\00001136125_20190511030809_3.jpg,2,2
152,00001136125\00001136125_20190511030809_4.jpg,2,2
153,00001136125\00001136125_20190511030809_5.jpg,2,2
154,00001136125\00001136125_20190511030809_6.jpg,2,5
155,00001136125\00001136125_20190511030810_10.jpg,2,2
156,00001136125\00001136125_20190511030810_7.jpg,2,2
157,00001136125\00001136125_20190511030810_8.jpg,2,2
158,00001136125\00001136125_20190511030810_9.jpg,2,2
159,00001136125\00001136125_20190511031653_1.jpg,2,2
160,00001136125\00001136125_20190511031654_2.jpg,2,2
161,00001136125\00001136125_20190511031654_3.jpg,2,2
162,00001136125\00001136125_20190511031654_4.jpg,2,2
163,00001136125\00001136125_20190511031654_5.jpg,2,2
164,00001136125\00001136125_20190511031654_6.jpg,2,2
165,00001136125\00001136125_20190511031655_10.jpg,2,2
166,00001136125\00001136125_20190511031655_7.jpg,2,2
167,00001136125\00001136125_20190511031655_8.jpg,2,1
168,00001136125\00001136125_20190511031655_9.jpg,2,2
169,00001136125\00001136125_20190511033326_1.jpg,2,2
170,00001136125\00001136125_20190511033326_2.jpg,2,2
171,00001136125\00001136125_20190511033326_3.jpg,2,2
172,00001136125\00001136125_20190511033326_4.jpg,2,2
173,00001136125\00001136125_20190511033326_5.jpg,2,2
174,00001136125\00001136125_20190511033327_6.jpg,2,2
175,00001136125\00001136125_20190511033327_7.jpg,2,2
176,00001136125\00001136125_20190511033327_8.jpg,2,2
177,00001136125\00001136125_20190511033327_9.jpg,2,2
178,00001136125\00001136125_20190511033328_10.jpg,2,1
179,00001136125\00001136125_20190511041248_1.jpg,2,2
180,00001136125\00001136125_20190511041249_2.jpg,2,2
181,00001136125\00001136125_20190511041249_3.jpg,2,2
182,00001136125\00001136125_20190511041249_4.jpg,2,2
183,00001136125\00001136125_20190511041249_5.jpg,2,2
184,00001136125\00001136125_20190511041250_10.jpg,2,2
185,00001136125\00001136125_20190511041250_6.jpg,2,2
186,00001136125\00001136125_20190511041250_7.jpg,2,2
187,00001136125\00001136125_20190511041250_8.jpg,2,2
188,00001136125\00001136125_20190511041250_9.jpg,2,2
189,00001136125\00001136125_20190512020445_1.jpg,2,2
190,00001136125\00001136125_20190512020446_2.jpg,2,2
191,00001136125\00001136125_20190512020446_3.jpg,2,2
192,00001136125\00001136125_20190512020446_4.jpg,2,2
193,00001136125\00001136125_20190512020446_5.jpg,2,2
194,00001136125\00001136125_20190512020446_6.jpg,2,2
195,00001136125\00001136125_20190512020447_10.jpg,2,2
196,00001136125\00001136125_20190512020447_7.jpg,2,2
197,00001136125\00001136125_20190512020447_8.jpg,2,2
198,00001136125\00001136125_20190512020447_9.jpg,2,2
199,00001136125\00001136125_20190512082317_1.jpg,2,2
200,00001136125\00001136125_20190512082317_2.jpg,2,2
201,00001136125\00001136125_20190512082317_3.jpg,2,2
202,00001136125\00001136125_20190512082318_4.jpg,2,2
203,00001136125\00001136125_20190512082318_5.jpg,2,2
204,00001136125\00001136125_20190512082318_6.jpg,2,2
205,00001136125\00001136125_20190512082318_7.jpg,2,2
206,00001136125\00001136125_20190512082319_10.jpg,2,2
207,00001136125\00001136125_20190512082319_8.jpg,2,2
208,00001136125\00001136125_20190512082319_9.jpg,2,2
209,00001136125\00001136125_20190512104607_1.jpg,2,2
210,00001136125\00001136125_20190512104608_2.jpg,2,2
211,00001136125\00001136125_20190512104608_3.jpg,2,2
212,00001136125\00001136125_20190512104608_4.jpg,2,2
213,00001136125\00001136125_20190512104608_5.jpg,2,2
214,00001136125\00001136125_20190512104609_6.jpg,2,2
215,00001136125\00001136125_20190512104609_7.jpg,2,2
216,00001136125\00001136125_20190512104609_8.jpg,2,2
217,00001136125\00001136125_20190512104609_9.jpg,2,2
218,00001136125\00001136125_20190512104610_10.jpg,2,2
219,00001136125\00001136125_20190512120122_1.jpg,2,2
220,00001136125\00001136125_20190512120123_2.jpg,2,2
221,00001136125\00001136125_20190512120123_3.jpg,2,2
222,00001136125\00001136125_20190512120123_4.jpg,2,2
223,00001136125\00001136125_20190512120123_5.jpg,2,2
224,00001136125\00001136125_20190512120124_10.jpg,2,2
225,00001136125\00001136125_20190512120124_6.jpg,2,2
226,00001136125\00001136125_20190512120124_7.jpg,2,2
227,00001136125\00001136125_20190512120124_8.jpg,2,2
228,00001136125\00001136125_20190512120124_9.jpg,2,2
229,00001136125\00001136125_20190513011511_1.jpg,2,2
230,00001136125\00001136125_20190513011511_2.jpg,2,2
231,00001136125\00001136125_20190513011511_3.jpg,2,2
232,00001136125\00001136125_20190513011512_4.jpg,2,2
233,00001136125\00001136125_20190513011512_5.jpg,2,2
234,00001136125\00001136125_20190513011512_6.jpg,2,2
235,474003600555\474003600555_20190512010607_1.jpg,3,2
236,474003600555\474003600555_20190512010607_2.jpg,3,3
237,474003600555\474003600555_20190512010608_3.jpg,3,3
238,474003600555\474003600555_20190512010608_4.jpg,3,3
239,474003600555\474003600555_20190512010608_5.jpg,3,3
240,474003600555\474003600555_20190512010608_6.jpg,3,3
241,474003600555\474003600555_20190512010609_10.jpg,3,4
242,474003600555\474003600555_20190512010609_7.jpg,3,3
243,474003600555\474003600555_20190512010609_8.jpg,3,3
244,474003600555\474003600555_20190512010609_9.jpg,3,3
245,474003600555\474003600555_20190512010610_1.jpg,3,3
246,474003600555\474003600555_20190512010610_2.jpg,3,3
247,474003600555\474003600555_20190512010611_3.jpg,3,3
248,474003600555\474003600555_20190512010611_4.jpg,3,4
249,474003600555\474003600555_20190512010611_5.jpg,3,3
250,474003600555\474003600555_20190512010611_6.jpg,3,3
251,474003600555\474003600555_20190512010612_10.jpg,3,3
252,474003600555\474003600555_20190512010612_7.jpg,3,3
253,474003600555\474003600555_20190512010612_8.jpg,3,4
254,474003600555\474003600555_20190512010612_9.jpg,3,4
255,474003600555\474003600555_20190512010613_1.jpg,3,3
256,474003600555\474003600555_20190512010613_2.jpg,3,3
257,474003600555\474003600555_20190512010614_3.jpg,3,3
258,474003600555\474003600555_20190512010614_4.jpg,3,3
259,474003600555\474003600555_20190512010614_5.jpg,3,3
260,474003600555\474003600555_20190512010614_6.jpg,3,3
261,474003600555\474003600555_20190512010614_7.jpg,3,3
262,474003600555\474003600555_20190512010615_10.jpg,3,3
263,474003600555\474003600555_20190512010615_8.jpg,3,3
264,474003600555\474003600555_20190512010615_9.jpg,3,3
265,474003600555\474003600555_20190512010619_1.jpg,3,3
266,474003600555\474003600555_20190512010620_2.jpg,3,3
267,474003600555\474003600555_20190512010620_3.jpg,3,3
268,474003600555\474003600555_20190512010620_4.jpg,3,3
269,474003600555\474003600555_20190512010620_5.jpg,3,3
270,475002589796\475002589796_20190513011519_1.jpg,4,4
271,475002589796\475002589796_20190513011519_2.jpg,4,4
272,475002589796\475002589796_20190513011519_3.jpg,4,4
273,475002589796\475002589796_20190513011520_4.jpg,4,4
274,475002589796\475002589796_20190513011520_5.jpg,4,4
275,475002589796\475002589796_20190513011520_6.jpg,4,4
276,475002589796\475002589796_20190513011520_7.jpg,4,4
277,475002589796\475002589796_20190513011520_8.jpg,4,5
278,475002589796\475002589796_20190513011521_10.jpg,4,2
279,475002589796\475002589796_20190513011521_9.jpg,4,2
280,475002589796\475002589796_20190514191128_1.jpg,4,4
281,475002589796\475002589796_20190514191128_10.jpg,4,2
282,475002589796\475002589796_20190514191128_2.jpg,4,4
283,475002589796\475002589796_20190514191128_3.jpg,4,4
284,475002589796\475002589796_20190514191128_4.jpg,4,4
285,475002589796\475002589796_20190514191128_5.jpg,4,4
286,475002589796\475002589796_20190514191128_6.jpg,4,10
287,475002589796\475002589796_20190514191128_7.jpg,4,4
288,475002589796\475002589796_20190514191128_8.jpg,4,2
289,475002589796\475002589796_20190514191128_9.jpg,4,2
290,475002589796\475002589796_20190514191131_1.jpg,4,4
291,475002589796\475002589796_20190514191131_10.jpg,4,2
292,475002589796\475002589796_20190514191131_2.jpg,4,4
293,475002589796\475002589796_20190514191131_3.jpg,4,4
294,475002589796\475002589796_20190514191131_4.jpg,4,4
295,475002589796\475002589796_20190514191131_5.jpg,4,4
296,475002589796\475002589796_20190514191131_6.jpg,4,4
297,475002589796\475002589796_20190514191131_7.jpg,4,4
298,475002589796\475002589796_20190514191131_8.jpg,4,4
299,475002589796\475002589796_20190514191131_9.jpg,4,2
300,475002589796\475002589796_20190514191135_1.jpg,4,4
301,475002589796\475002589796_20190514191135_10.jpg,4,2
302,475002589796\475002589796_20190514191135_2.jpg,4,4
303,475002589796\475002589796_20190514191135_3.jpg,4,4
304,475002589796\475002589796_20190514191135_4.jpg,4,4
305,475002589796\475002589796_20190514191135_5.jpg,4,4
306,475002589796\475002589796_20190514191135_6.jpg,4,4
307,477011920882\477011920882_20190513014958_1.jpg,5,5
308,477011920882\477011920882_20190513014958_2.jpg,5,5
309,477011920882\477011920882_20190513014958_3.jpg,5,5
310,477011920882\477011920882_20190513014959_4.jpg,5,5
311,477011920882\477011920882_20190513014959_5.jpg,5,5
312,477011920882\477011920882_20190513014959_6.jpg,5,5
313,477011920882\477011920882_20190513014959_7.jpg,5,5
314,477011920882\477011920882_20190513014959_8.jpg,5,5
315,477011920882\477011920882_20190513015000_10.jpg,5,5
316,477011920882\477011920882_20190513015000_9.jpg,5,5
317,477011920882\477011920882_20190514183204_1.jpg,5,5
318,477011920882\477011920882_20190514183204_10.jpg,5,5
319,477011920882\477011920882_20190514183204_2.jpg,5,5
320,477011920882\477011920882_20190514183204_3.jpg,5,5
321,477011920882\477011920882_20190514183204_4.jpg,5,5
322,477011920882\477011920882_20190514183204_5.jpg,5,5
323,477011920882\477011920882_20190514183204_6.jpg,5,5
324,477011920882\477011920882_20190514183204_7.jpg,5,5
325,477011920882\477011920882_20190514183204_8.jpg,5,5
326,477011920882\477011920882_20190514183204_9.jpg,5,5
327,477011920882\477011920882_20190515194528_1.jpg,5,5
328,477011920882\477011920882_20190515194528_10.jpg,5,5
329,477011920882\477011920882_20190515194528_2.jpg,5,5
330,477011920882\477011920882_20190515194528_3.jpg,5,5
331,477011920882\477011920882_20190515194528_4.jpg,5,5
332,477011920882\477011920882_20190515194528_5.jpg,5,5
333,477011920882\477011920882_20190515194528_6.jpg,5,5
334,477011920882\477011920882_20190515194528_7.jpg,5,5
335,477011920882\477011920882_20190515194528_8.jpg,5,5
336,477011920882\477011920882_20190515194528_9.jpg,5,5
337,477011920882\477011920882_20190516085250_1.jpg,5,5
338,477011920882\477011920882_20190516085250_10.jpg,5,5
339,477011920882\477011920882_20190516085250_2.jpg,5,5
340,477011920882\477011920882_20190516085250_3.jpg,5,5
341,477011920882\477011920882_20190516085250_4.jpg,5,5
342,477011920882\477011920882_20190516085250_5.jpg,5,5
343,477011920882\477011920882_20190516085250_6.jpg,5,5
344,477011920882\477011920882_20190516085250_7.jpg,5,5
345,991810000000\991810000000_20190514012831_1.jpg,6,6
346,991810000000\991810000000_20190514012831_2.jpg,6,6
347,991810000000\991810000000_20190514012831_3.jpg,6,6
348,991810000000\991810000000_20190514012832_4.jpg,6,6
349,991810000000\991810000000_20190514012832_5.jpg,6,6
350,991810000000\991810000000_20190514012832_6.jpg,6,6
351,991810000000\991810000000_20190514012832_7.jpg,6,6
352,991810000000\991810000000_20190514012832_8.jpg,6,6
353,991810000000\991810000000_20190514012833_10.jpg,6,6
354,991810000000\991810000000_20190514012833_9.jpg,6,6
355,991810000000\991810000000_20190514013756_1.jpg,6,6
356,991810000000\991810000000_20190514013756_2.jpg,6,6
357,991810000000\991810000000_20190514013757_3.jpg,6,6
358,991810000000\991810000000_20190514013757_4.jpg,6,6
359,991810000000\991810000000_20190514013757_5.jpg,6,6
360,991810000000\991810000000_20190514013757_6.jpg,6,6
361,991810000000\991810000000_20190514013758_10.jpg,6,6
362,991810000000\991810000000_20190514013758_7.jpg,6,6
363,991810000000\991810000000_20190514013758_8.jpg,6,6
364,991810000000\991810000000_20190514013758_9.jpg,6,6
365,991810000000\991810000000_20190514104959_1.jpg,6,6
366,991810000000\991810000000_20190514105000_2.jpg,6,6
367,991810000000\991810000000_20190514105000_3.jpg,6,6
368,991810000000\991810000000_20190514105000_4.jpg,6,6
369,991810000000\991810000000_20190514105000_5.jpg,6,6
370,991810000000\991810000000_20190514105001_10.jpg,6,6
371,991810000000\991810000000_20190514105001_6.jpg,6,6
372,991810000000\991810000000_20190514105001_7.jpg,6,6
373,991810000000\991810000000_20190514105001_8.jpg,6,6
374,991810000000\991810000000_20190514105001_9.jpg,6,6
375,991810000000\991810000000_20190514122748_1.jpg,6,6
376,991810000000\991810000000_20190514122748_2.jpg,6,6
377,991810000000\991810000000_20190514122748_3.jpg,6,7
378,991810000000\991810000000_20190514122748_4.jpg,6,6
379,991810000000\991810000000_20190514122748_5.jpg,6,6
380,991810000000\991810000000_20190514122749_6.jpg,6,6
381,991810000000\991810000000_20190514122749_7.jpg,6,6
382,991810000000\991810000000_20190514122749_8.jpg,6,6
383,991810000000\991810000000_20190514122749_9.jpg,6,6
384,991810000000\991810000000_20190514122750_10.jpg,6,6
385,991810000000\991810000000_20190514123948_1.jpg,6,6
386,991856200000\991856200000_20190511035249_1.jpg,7,7
387,991856200000\991856200000_20190511035250_2.jpg,7,7
388,991856200000\991856200000_20190511035250_3.jpg,7,7
389,991856200000\991856200000_20190511035250_4.jpg,7,7
390,991856200000\991856200000_20190511035250_5.jpg,7,7
391,991856200000\991856200000_20190511035251_6.jpg,7,7
392,991856200000\991856200000_20190511035251_7.jpg,7,7
393,991856200000\991856200000_20190511035251_8.jpg,7,7
394,991856200000\991856200000_20190511035251_9.jpg,7,7
395,991856200000\991856200000_20190511035252_10.jpg,7,7
396,991856200000\991856200000_20190512075755_1.jpg,7,7
397,991856200000\991856200000_20190512075756_2.jpg,7,7
398,991856200000\991856200000_20190512075756_3.jpg,7,7
399,991856200000\991856200000_20190512075756_4.jpg,7,7
400,991856200000\991856200000_20190512075756_5.jpg,7,7
401,991856200000\991856200000_20190512075757_6.jpg,7,7
402,991856200000\991856200000_20190512075757_7.jpg,7,7
403,991856200000\991856200000_20190512075757_8.jpg,7,7
404,991856200000\991856200000_20190512075757_9.jpg,7,7
405,991856200000\991856200000_20190512075758_10.jpg,7,7
406,991856200000\991856200000_20190513094029_1.jpg,7,7
407,991856200000\991856200000_20190513094029_2.jpg,7,7
408,991856200000\991856200000_20190513094030_3.jpg,7,8
409,991856200000\991856200000_20190513094030_4.jpg,7,7
410,991856200000\991856200000_20190513094030_5.jpg,7,7
411,991856200000\991856200000_20190513094030_6.jpg,7,7
412,991856200000\991856200000_20190513094031_10.jpg,7,7
413,991856200000\991856200000_20190513094031_7.jpg,7,7
414,991856200000\991856200000_20190513094031_8.jpg,7,7
415,991869600000\991869600000_20190511042604_1.jpg,8,8
416,991869600000\991869600000_20190511042605_2.jpg,8,8
417,991869600000\991869600000_20190511042605_3.jpg,8,8
418,991869600000\991869600000_20190511042605_4.jpg,8,8
419,991869600000\991869600000_20190511042605_5.jpg,8,8
420,991869600000\991869600000_20190511042606_6.jpg,8,8
421,991869600000\991869600000_20190511042606_7.jpg,8,8
422,991869600000\991869600000_20190511042606_8.jpg,8,8
423,991869600000\991869600000_20190511042606_9.jpg,8,8
424,991869600000\991869600000_20190511042607_10.jpg,8,8
425,991869600000\991869600000_20190512020210_1.jpg,8,8
426,991869600000\991869600000_20190512020211_2.jpg,8,8
427,991869600000\991869600000_20190512020211_3.jpg,8,8
428,991869600000\991869600000_20190512020211_4.jpg,8,8
429,991869600000\991869600000_20190512020211_5.jpg,8,8
430,991869600000\991869600000_20190512020211_6.jpg,8,8
431,991869600000\991869600000_20190512020212_10.jpg,8,8
432,991869600000\991869600000_20190512020212_7.jpg,8,8
433,991869600000\991869600000_20190512020212_8.jpg,8,8
434,991869600000\991869600000_20190512020212_9.jpg,8,8
435,991869600000\991869600000_20190512032406_1.jpg,8,8
436,991869600000\991869600000_20190512032406_2.jpg,8,8
437,991869600000\991869600000_20190512032406_3.jpg,8,8
438,991869600000\991869600000_20190512032406_4.jpg,8,8
439,991869600000\991869600000_20190512032407_5.jpg,8,8
440,991869600000\991869600000_20190512032407_6.jpg,8,8
441,991869600000\991869600000_20190512032407_7.jpg,8,8
442,991869600000\991869600000_20190512032407_8.jpg,8,8
443,991869600000\991869600000_20190512032408_10.jpg,8,8
444,991869600000\991869600000_20190512032408_9.jpg,8,8
445,991869600000\991869600000_20190512103750_1.jpg,8,9
446,991869600000\991869600000_20190512120109_1.jpg,8,8
447,991869600000\991869600000_20190512120109_2.jpg,8,8
448,991869600000\991869600000_20190512120109_3.jpg,8,8
449,991869600000\991869600000_20190512120109_4.jpg,8,8
450,991882200000\991882200000_20190512103752_1.jpg,9,0
451,991882200000\991882200000_20190512103752_2.jpg,9,0
452,991882200000\991882200000_20190512103753_3.jpg,9,6
453,991882200000\991882200000_20190512103753_4.jpg,9,7
454,991882200000\991882200000_20190512103753_5.jpg,9,9
455,991882200000\991882200000_20190512103753_6.jpg,9,9
456,991882200000\991882200000_20190512103754_10.jpg,9,9
457,991882200000\991882200000_20190512103754_7.jpg,9,9
458,991882200000\991882200000_20190512103754_8.jpg,9,9
459,991882200000\991882200000_20190512103754_9.jpg,9,9
460,991882200000\991882200000_20190512110306_1.jpg,9,10
461,991882200000\991882200000_20190512110306_2.jpg,9,10
462,991882200000\991882200000_20190512110306_3.jpg,9,5
463,991882200000\991882200000_20190512110307_4.jpg,9,10
464,991882200000\991882200000_20190512110307_5.jpg,9,10
465,991882200000\991882200000_20190512110307_6.jpg,9,5
466,991882200000\991882200000_20190512110307_7.jpg,9,5
467,991882200000\991882200000_20190512110308_10.jpg,9,8
468,991882200000\991882200000_20190512110308_8.jpg,9,5
469,991882200000\991882200000_20190512110308_9.jpg,9,5
470,991882200000\991882200000_20190512110309_1.jpg,9,9
471,991882200000\991882200000_20190512110309_2.jpg,9,9
472,991882200000\991882200000_20190512110310_3.jpg,9,9
473,991882200000\991882200000_20190512110310_4.jpg,9,9
474,991882200000\991882200000_20190512110310_5.jpg,9,9
475,991882200000\991882200000_20190512110310_6.jpg,9,9
476,991882200000\991882200000_20190512110311_10.jpg,9,9
477,991882200000\991882200000_20190512110311_7.jpg,9,9
478,Other\000000005317_20190519111927_1.jpg,10,0
479,Other\000000005323_20190519105430_1.jpg,10,8
480,Other\000000005329_20190520194442_1.jpg,10,0
481,Other\000000005332_20190518133554_1.jpg,10,10
482,Other\000000005333_20190518103340_1.jpg,10,0
483,Other\000000005393_20190518142124_1.jpg,10,0
484,Other\000000005542_20190520194918_1.jpg,10,0
485,Other\000000005575_20190519183734_1.jpg,10,0
486,Other\000000058115_20190518181839_1.jpg,10,0
487,Other\000000058122_20190518170853_1.jpg,10,10
488,Other\000000058179_20190519152537_1.jpg,10,10
489,Other\000000058451_20190519152553_1.jpg,10,10
490,Other\00000058013_20190519104343_1.jpg,10,10
491,Other\00000058013_20190519104346_1.jpg,10,10
492,Other\00000058020_20190518123808_1.jpg,10,10
493,Other\00000058111_20190518111607_1.jpg,10,2
494,Other\00000058111_20190518143425_1.jpg,10,10
495,Other\00000058143_20190518113357_1.jpg,10,10
496,Other\00000058145_20190518122714_1.jpg,10,10
497,Other\00000058179_20190518152229_1.jpg,10,10
498,Other\00000058179_20190518171319_1.jpg,10,10
499,Other\00000058179_20190519103045_1.jpg,10,4
500,Other\00000058179_20190519183711_1.jpg,10,4
501,Other\00000058179_20190520200820_1.jpg,10,10
502,Other\00000058221_20190518102921_1.jpg,10,10
503,Other\00000058451_20190518091710_1.jpg,10,10
504,Other\00000058451_20190518091713_1.jpg,10,10
505,Other\00000058451_20190519103041_1.jpg,10,10
506,Other\00000058451_20190519143412_1.jpg,10,10
507,Other\00000058451_20190519161538_1.jpg,10,10
508,Other\00000058451_20190519183910_1.jpg,10,10
509,Other\00000058452_20190518091707_1.jpg,10,10
510,Other\00000058453_20190518122658_1.jpg,10,10
511,Other\00000058453_20190518163357_1.jpg,10,10
512,Other\00000058453_20190518183312_1.jpg,10,10
513,Other\00000058453_20190518183315_1.jpg,10,10
514,Other\00000058453_20190519100224_1.jpg,10,10
515,Other\00000058454_20190519100218_1.jpg,10,10
516,Other\00000058454_20190519145701_1.jpg,10,10
517,Other\00000058646_20190518181055_1.jpg,10,10
518,Other\00000058654_20190519102516_1.jpg,10,10
519,Other\00000058654_20190519164246_1.jpg,10,10
520,Other\00000058662_20190518151917_1.jpg,10,10
521,Other\00001129179_20190519112338_1.jpg,10,2
522,Other\00001129754_20190519112341_1.jpg,10,2
523,Other\00001129754_20190519112404_1.jpg,10,10
524,Other\00001131845_20190519112414_1.jpg,10,10
525,Other\00001138454_20190519112357_1.jpg,10,10
526,Other\00001142598_20190519112402_1.jpg,10,10
527,Other\00001143791_20190520195119_1.jpg,10,10
528,Other\00001146018_20190519185938_1.jpg,10,2
529,Other\00001146655_20190518161646_1.jpg,10,10
530,Other\00001146738_20190518125805_1.jpg,10,10
531,Other\00001146738_20190519113555_1.jpg,10,10
532,Other\00001147425_20190519144016_1.jpg,10,10
533,Other\00001150594_20190518101133_1.jpg,10,10
534,Other\00001152660_20190518123324_1.jpg,10,10
535,Other\00001153817_20190518152647_1.jpg,10,1
536,Other\00001154184_20190519185928_1.jpg,10,10
537,Other\00001154190_20190518105228_1.jpg,10,10
538,Other\00001154191_20190518084024_1.jpg,10,2
539,Other\00001154191_20190518084027_1.jpg,10,10
540,Other\00001154192_20190518105231_1.jpg,10,10
541,Other\00001154551_20190519130723_1.jpg,10,10
542,Other\00001154609_20190519140938_1.jpg,10,2
543,Other\00001154699_20190518094244_1.jpg,10,10
544,Other\00001155738_20190520193309_1.jpg,10,10
545,Other\00001155738_20190520193312_1.jpg,10,10
546,Other\00001155893_20190519162005_1.jpg,10,10
547,Other\00001155915_20190520195147_1.jpg,10,10
548,Other\00001155915_20190520195151_1.jpg,10,10
549,Other\00001156063_20190518102057_1.jpg,10,10
550,Other\00001156162_20190518105744_1.jpg,10,10
551,Other\00001156162_20190518190309_1.jpg,10,4
552,Other\00001156498_20190518144812_1.jpg,10,2
553,Other\00001156499_20190519164012_1.jpg,10,10
554,Other\00001156539_20190519150522_1.jpg,10,1
555,Other\00001156539_20190519150802_1.jpg,10,10
556,Other\00001156584_20190518100437_1.jpg,10,10
557,Other\00001156633_20190518084037_1.jpg,10,10
558,Other\00001156651_20190519101959_1.jpg,10,10
559,Other\00001156677_20190519121943_1.jpg,10,5
560,Other\00001156787_20190519144904_1.jpg,10,10
561,Other\00001156865_20190518170817_1.jpg,10,5
562,Other\00001157019_20190518121128_1.jpg,10,10
563,Other\00001157075_20190518172349_1.jpg,10,10
564,Other\00001157075_20190518172355_1.jpg,10,5
565,Other\00001157147_20190518141233_1.jpg,10,10
566,Other\00001157361_20190519120200_1.jpg,10,10
567,Other\00001157366_20190519133517_1.jpg,10,10
568,Other\00005555201_20190519135639_1.jpg,10,10
569,Other\00005555204_20190518175520_1.jpg,10,10
570,Other\01099021110024419706_20190519103540_1.jpg,10,10
571,Other\01099180630197659717_20190518181327_1.jpg,10,10
572,Other\01099180630239089717_20190519113815_1.jpg,10,10
573,Other\01099180630363809717_20190518161634_1.jpg,10,10
574,Other\01099180630389409717_20190518161656_1.jpg,10,6
575,Other\01099220120045049706_20190519105343_1.jpg,10,10
576,Other\01099220150063839704_20190518113725_1.jpg,10,10
577,Other\01099221050024629706_20190518141214_1.jpg,10,10
578,Other\01099222290038409707_20190520195550_1.jpg,10,10
579,Other\01099222290044419713_20190519105401_1.jpg,10,10
580,Other\01099222460038479707_20190519161107_1.jpg,10,10
581,Other\01099222460043879704_20190519160141_1.jpg,10,10
582,Other\01099222730031249707_20190519110012_1.jpg,10,10
583,Other\01099222730037809707_20190519105405_1.jpg,10,2
584,Other\01099222730044669713_20190519121433_1.jpg,10,10
585,Other\01099223030040229713_20190520200434_1.jpg,10,10
586,Other\01099223960028829704_20190518140305_1.jpg,10,0
587,Other\01099223960029679704_20190519113318_1.jpg,10,10
588,Other\01099227020025829707_20190519172137_1.jpg,10,10
589,Other\01099227020028279707_20190519092623_1.jpg,10,10
590,Other\01099227020028419704_20190518141203_1.jpg,10,10
591,Other\01099227120029099704_20190519152439_1.jpg,10,10
592,Other\01099227180021639713_20190518141157_1.jpg,10,10
593,Other\01099251710063659706_20190519105906_1.jpg,10,10
594,Other\01099251980039899706_20190518120552_1.jpg,10,5
595,Other\01099251980040859706_20190518120402_1.jpg,10,10
596,Other\01099283000055299706_20190518170019_1.jpg,10,10
597,Other\01099310030066639706_20190519201839_1.jpg,10,10
598,Other\01099310030074869708_20190518144639_1.jpg,10,10
599,Other\01099310030098869708_20190519142633_1.jpg,10,10
600,Other\01099310050148269708_20190519101458_1.jpg,10,0
601,Other\01099310050157249708_20190519101452_1.jpg,10,10
602,Other\01099310070134219708_20190518093002_1.jpg,10,10
603,Other\01099310120115669708_20190518093006_1.jpg,10,10
604,Other\01099310150037289708_20190518115530_1.jpg,10,10
605,Other\01099310170030099708_20190519134009_1.jpg,10,10
606,Other\01099310170053009708_20190519143652_1.jpg,10,10
607,Other\01099310170053489706_20190519095949_1.jpg,10,10
608,Other\01099310170107489713_20190518151217_1.jpg,10,10
609,Other\01099310170110049706_20190519200210_1.jpg,10,10
610,Other\01099310170115619708_20190518090127_1.jpg,10,10
611,Other\01099310170169489708_20190520200654_1.jpg,10,10
612,Other\01099310180095299716_20190518094321_1.jpg,10,10
613,Other\01099310180100449716_20190518094315_1.jpg,10,10
614,Other\01099310180100689716_20190518094344_1.jpg,10,10
615,Other\01099310180105639716_20190518094340_1.jpg,10,10
616,Other\01099310180122609716_20190518094331_1.jpg,10,10
617,Other\01099310180123459716_20190518094310_1.jpg,10,10
618,Other\01099310180125059716_20190518094347_1.jpg,10,10
619,Other\01099310180136879716_20190518094403_1.jpg,10,10
620,Other\01099310190113619716_20190518090131_1.jpg,10,10
621,Other\01099310230426039706_20190518100659_1.jpg,10,10
622,Other\01099310270042019713_20190518151222_1.jpg,10,10
623,Other\01099310340125419706_20190519101341_1.jpg,10,10
624,Other\01099310350079809716_20190518094327_1.jpg,10,0
625,Other\01099310350080009716_20190518094407_1.jpg,10,10
626,Other\01099310350096259716_20190518094304_1.jpg,10,10
627,Other\01099310350099849716_20190518094355_1.jpg,10,0
628,Other\01099310350108679716_20190518094351_1.jpg,10,0
629,Other\01099310350119639716_20190518094335_1.jpg,10,10
630,Other\01099310740077679708_20190518092958_1.jpg,10,0
631,Other\01099310770084029708_20190519102751_1.jpg,10,10
632,Other\01099310770139259706_20190519132545_1.jpg,10,10
633,Other\01099310800052219708_20190519144422_1.jpg,10,10
634,Other\01099310800053209708_20190519142637_1.jpg,10,0
635,Other\01099310820082069706_20190518134849_1.jpg,10,0
636,Other\01099310820088009708_20190519120740_1.jpg,10,10
637,Other\01099310900049009706_20190518114401_1.jpg,10,10
638,Other\01099311180057289708_20190518141922_1.jpg,10,10
639,Other\01099311180172409713_20190518183301_1.jpg,10,10
640,Other\01099311460081429708_20190518142910_1.jpg,10,10
641,Other\01099312260064269708_20190518123758_1.jpg,10,8
642,Other\01099312260111479708_20190518115726_1.jpg,10,10
643,Other\01099312380042679708_20190519155142_1.jpg,10,10
644,Other\01099312500081209706_20190520195144_1.jpg,10,10
645,Other\01099314700196479708_20190518090542_1.jpg,10,10
646,Other\01099314710028229708_20190519155136_1.jpg,10,0
647,Other\01099314750130609713_20190518130149_1.jpg,10,10
